{
  "v1_regular_random_forest": {
    "model": "V1 Regular Random Forest",
    "accuracy": 0.4698,
    "macro_f1": 0.3027636033534123,
    "high_recall": 0.0234375
  },
  "v3_hypertuned_random_forest": {
    "model": "V3 Hypertuned Random Forest",
    "accuracy": 0.4212,
    "macro_f1": 0.34278551066443935,
    "high_recall": 0.0908203125
  },
  "v4_interaction_features_random_forest": {
    "model": "V4 Interaction Features Random Forest",
    "accuracy": 0.4222,
    "macro_f1": 0.3411381532258388,
    "high_recall": 0.080078125
  },
  "v5_smote_undersampling_random_forest": {
    "accuracy": 0.415,
    "balanced_accuracy": 0.3539046664761946,
    "macro_f1": 0.3511931694296268,
    "high_recall": 0.1474609375,
    "confusion_matrix": [
      [
        151,
        522,
        351
      ],
      [
        306,
        1402,
        772
      ],
      [
        236,
        738,
        522
      ]
    ],
    "classification_report": {
      "High": {
        "precision": 0.2178932178932179,
        "recall": 0.1474609375,
        "f1-score": 0.17588817705299942,
        "support": 1024.0
      },
      "Low": {
        "precision": 0.526671675432006,
        "recall": 0.5653225806451613,
        "f1-score": 0.5453131077401789,
        "support": 2480.0
      },
      "Medium": {
        "precision": 0.31732522796352586,
        "recall": 0.34893048128342247,
        "f1-score": 0.332378223495702,
        "support": 1496.0
      },
      "accuracy": 0.415,
      "macro avg": {
        "precision": 0.3539633737629166,
        "recall": 0.3539046664761946,
        "f1-score": 0.3511931694296268,
        "support": 5000.0
      },
      "weighted avg": {
        "precision": 0.4007973902454929,
        "recall": 0.415,
        "f1-score": 0.4059447645694971,
        "support": 5000.0
      }
    },
    "labels": [
      "High",
      "Low",
      "Medium"
    ]
  },
  "selected_resampling_strategy": "Random undersampling",
  "cross_validation_results": [
    {
      "strategy": "Random undersampling",
      "cv_accuracy": 0.40925,
      "cv_macro_f1": 0.3530439009,
      "cv_balanced_accuracy": 0.3571947957,
      "cv_high_recall": 0.2493174817,
      "mean_fit_seconds": 3.0064057708
    },
    {
      "strategy": "Hybrid SMOTE + undersampling",
      "cv_accuracy": 0.48,
      "cv_macro_f1": 0.3141482822,
      "cv_balanced_accuracy": 0.3549295605,
      "cv_high_recall": 0.016501707,
      "mean_fit_seconds": 9.3307450414
    },
    {
      "strategy": "SMOTE",
      "cv_accuracy": 0.4930625,
      "cv_macro_f1": 0.2748324876,
      "cv_balanced_accuracy": 0.3443362198,
      "cv_high_recall": 0.0044101131,
      "mean_fit_seconds": 13.0903137326
    }
  ],
  "test_resampled": false
}