{
  "v1_regular_random_forest": {
    "accuracy": 0.4698,
    "macro_f1": 0.3027636033534123,
    "high_recall": 0.0234375
  },
  "v3_hypertuned_random_forest": {
    "accuracy": 0.4212,
    "macro_f1": 0.34278551066443935,
    "high_recall": 0.0908203125
  },
  "v4_interaction_features_random_forest": {
    "accuracy": 0.4222,
    "balanced_accuracy": 0.35377855733569086,
    "macro_f1": 0.3411381532258388,
    "high_recall": 0.080078125,
    "confusion_matrix": [
      [
        82,
        516,
        426
      ],
      [
        179,
        1414,
        887
      ],
      [
        143,
        738,
        615
      ]
    ],
    "classification_report": {
      "High": {
        "precision": 0.20297029702970298,
        "recall": 0.080078125,
        "f1-score": 0.11484593837535013,
        "support": 1024.0
      },
      "Low": {
        "precision": 0.5299850074962519,
        "recall": 0.5701612903225807,
        "f1-score": 0.5493395493395493,
        "support": 2480.0
      },
      "Medium": {
        "precision": 0.31898340248962653,
        "recall": 0.41109625668449196,
        "f1-score": 0.3592289719626168,
        "support": 1496.0
      },
      "accuracy": 0.4222,
      "macro avg": {
        "precision": 0.3506462356718605,
        "recall": 0.35377855733569086,
        "f1-score": 0.3411381532258388,
        "support": 5000.0
      },
      "weighted avg": {
        "precision": 0.39988071457472035,
        "recall": 0.4222,
        "f1-score": 0.40347417306290306,
        "support": 5000.0
      }
    },
    "labels": [
      "High",
      "Low",
      "Medium"
    ]
  },
  "interaction_features": [
    "department_avg_billed_amount",
    "bill_vs_department_avg",
    "bill_to_department_avg_ratio",
    "department_avg_length_of_stay",
    "los_to_department_avg_ratio",
    "billed_amount_per_stay_hour",
    "provider_avg_billed_amount",
    "bill_vs_provider_avg",
    "bill_to_provider_avg_ratio"
  ],
  "leakage_control": "Aggregate mappings fitted only on training data inside RiskInteractionFeatureTransformer."
}