{
  "original_v1_random_forest_configuration": {
    "accuracy": 0.4698,
    "balanced_accuracy": 0.34506668319820594,
    "macro_f1": 0.3027636033534123,
    "high_recall": 0.0234375,
    "confusion_matrix": [
      [
        24,
        824,
        176
      ],
      [
        53,
        2045,
        382
      ],
      [
        31,
        1185,
        280
      ]
    ],
    "classification_report": {
      "High": {
        "precision": 0.2222222222222222,
        "recall": 0.0234375,
        "f1-score": 0.04240282685512368,
        "support": 1024.0
      },
      "Low": {
        "precision": 0.5044400592007894,
        "recall": 0.8245967741935484,
        "f1-score": 0.6259565350474441,
        "support": 2480.0
      },
      "Medium": {
        "precision": 0.3341288782816229,
        "recall": 0.18716577540106952,
        "f1-score": 0.23993144815766923,
        "support": 1496.0
      },
      "accuracy": 0.4698,
      "macro avg": {
        "precision": 0.35359705323487817,
        "recall": 0.34506668319820594,
        "f1-score": 0.3027636033534123,
        "support": 5000.0
      },
      "weighted avg": {
        "precision": 0.3956847408565642,
        "recall": 0.4698,
        "f1-score": 0.39094602961223623,
        "support": 5000.0
      }
    },
    "labels": [
      "High",
      "Low",
      "Medium"
    ]
  },
  "hypertuned_v3_random_forest": {
    "accuracy": 0.4212,
    "balanced_accuracy": 0.3529985539395377,
    "macro_f1": 0.34278551066443935,
    "high_recall": 0.0908203125,
    "confusion_matrix": [
      [
        93,
        520,
        411
      ],
      [
        203,
        1423,
        854
      ],
      [
        158,
        748,
        590
      ]
    ],
    "classification_report": {
      "High": {
        "precision": 0.20484581497797358,
        "recall": 0.0908203125,
        "f1-score": 0.12584573748308525,
        "support": 1024.0
      },
      "Low": {
        "precision": 0.5287997027127462,
        "recall": 0.5737903225806451,
        "f1-score": 0.5503771030748404,
        "support": 2480.0
      },
      "Medium": {
        "precision": 0.31805929919137466,
        "recall": 0.39438502673796794,
        "f1-score": 0.3521336914353924,
        "support": 1496.0
      },
      "accuracy": 0.4212,
      "macro avg": {
        "precision": 0.3505682722940315,
        "recall": 0.3529985539395377,
        "f1-score": 0.34278551066443935,
        "support": 5000.0
      },
      "weighted avg": {
        "precision": 0.3994004177710704,
        "recall": 0.4212,
        "f1-score": 0.4041186506391261,
        "support": 5000.0
      }
    },
    "labels": [
      "High",
      "Low",
      "Medium"
    ]
  },
  "best_parameters": {
    "classifier__bootstrap": true,
    "classifier__class_weight": "balanced",
    "classifier__max_depth": 6,
    "classifier__max_features": 0.75,
    "classifier__min_samples_leaf": 1,
    "classifier__min_samples_split": 13,
    "classifier__n_estimators": 385
  },
  "best_cross_validation_macro_f1": 0.36223571730816884
}