strategy,cv_accuracy,cv_macro_f1,cv_balanced_accuracy,cv_high_recall,mean_fit_seconds
Random undersampling,0.40925,0.3530439008639242,0.35719479569798873,0.24931748171364654,3.006405770778656
Hybrid SMOTE + undersampling,0.48,0.31414828215102264,0.3549295604661014,0.01650170699001156,9.330745041370392
SMOTE,0.4930625,0.2748324876132139,0.34433621979206286,0.004410113135965328,13.090313732624054
