{
  "original_v1_random_forest_configuration": {
    "accuracy": 0.4486,
    "balanced_accuracy": 0.40727546500812345,
    "macro_f1": 0.36018997728675145,
    "rejected_recall": 0.5409395973154363,
    "confusion_matrix": [
      [
        1690,
        342,
        990
      ],
      [
        621,
        150,
        462
      ],
      [
        247,
        95,
        403
      ]
    ],
    "labels": [
      "Paid",
      "Pending",
      "Rejected"
    ],
    "classification_report": {
      "Paid": {
        "precision": 0.6606724003127443,
        "recall": 0.5592322964923891,
        "f1-score": 0.6057347670250897,
        "support": 3022.0
      },
      "Pending": {
        "precision": 0.2555366269165247,
        "recall": 0.12165450121654502,
        "f1-score": 0.16483516483516483,
        "support": 1233.0
      },
      "Rejected": {
        "precision": 0.21725067385444743,
        "recall": 0.5409395973154363,
        "f1-score": 0.31,
        "support": 745.0
      },
      "accuracy": 0.4486,
      "macro avg": {
        "precision": 0.3778199003612388,
        "recall": 0.40727546500812345,
        "f1-score": 0.36018997728675145,
        "support": 5000.0
      },
      "weighted avg": {
        "precision": 0.49469608135095033,
        "recall": 0.4486,
        "f1-score": 0.45294444483831586,
        "support": 5000.0
      }
    }
  },
  "hypertuned_v3_random_forest": {
    "accuracy": 0.4296,
    "balanced_accuracy": 0.42280943543644417,
    "macro_f1": 0.3670269303342777,
    "rejected_recall": 0.610738255033557,
    "confusion_matrix": [
      [
        1490,
        441,
        1091
      ],
      [
        528,
        203,
        502
      ],
      [
        172,
        118,
        455
      ]
    ],
    "labels": [
      "Paid",
      "Pending",
      "Rejected"
    ],
    "classification_report": {
      "Paid": {
        "precision": 0.680365296803653,
        "recall": 0.4930509596293845,
        "f1-score": 0.5717574827321565,
        "support": 3022.0
      },
      "Pending": {
        "precision": 0.2664041994750656,
        "recall": 0.16463909164639093,
        "f1-score": 0.20350877192982456,
        "support": 1233.0
      },
      "Rejected": {
        "precision": 0.22216796875,
        "recall": 0.610738255033557,
        "f1-score": 0.3258145363408521,
        "support": 745.0
      },
      "accuracy": 0.4296,
      "macro avg": {
        "precision": 0.3896458216762395,
        "recall": 0.42280943543644417,
        "f1-score": 0.3670269303342777,
        "support": 5000.0
      },
      "weighted avg": {
        "precision": 0.510011088322429,
        "recall": 0.4296,
        "f1-score": 0.44430185163599706,
        "support": 5000.0
      }
    }
  },
  "best_cross_validation_macro_f1": 0.37373122578487944,
  "best_parameters": {
    "classifier__n_estimators": 450,
    "classifier__min_samples_split": 12,
    "classifier__min_samples_leaf": 2,
    "classifier__max_features": 0.75,
    "classifier__max_depth": 10,
    "classifier__class_weight": "balanced",
    "classifier__bootstrap": true
  },
  "search_iterations": 30,
  "cross_validation": "Four-fold TimeSeriesSplit on training period only",
  "test_rows_used_for_selection": false
}