{
  "claim_logistic_regression_v2": {
    "accuracy": 0.3062,
    "balanced_accuracy": 0.3301951930984189,
    "macro_f1": 0.2860456191687711,
    "confusion_matrix": [
      [
        906,
        720,
        1398
      ],
      [
        355,
        280,
        597
      ],
      [
        206,
        193,
        345
      ]
    ],
    "labels": [
      "Paid",
      "Pending",
      "Rejected"
    ],
    "classification_report": {
      "Paid": {
        "precision": 0.6175869120654397,
        "recall": 0.2996031746031746,
        "f1-score": 0.4034736138944556,
        "support": 3024.0
      },
      "Pending": {
        "precision": 0.2347024308466052,
        "recall": 0.22727272727272727,
        "f1-score": 0.2309278350515464,
        "support": 1232.0
      },
      "Rejected": {
        "precision": 0.14743589743589744,
        "recall": 0.4637096774193548,
        "f1-score": 0.2237354085603113,
        "support": 744.0
      },
      "accuracy": 0.3062,
      "macro avg": {
        "precision": 0.33324174678264745,
        "recall": 0.3301951930984189,
        "f1-score": 0.2860456191687711,
        "support": 5000.0
      },
      "weighted avg": {
        "precision": 0.453285704916243,
        "recall": 0.3062,
        "f1-score": 0.3342132890338421,
        "support": 5000.0
      }
    }
  },
  "claim_xgboost_v2": {
    "accuracy": 0.4272,
    "balanced_accuracy": 0.4083629433091798,
    "macro_f1": 0.3698800553326597,
    "confusion_matrix": [
      [
        1487,
        634,
        903
      ],
      [
        542,
        261,
        429
      ],
      [
        214,
        142,
        388
      ]
    ],
    "labels": [
      "Paid",
      "Pending",
      "Rejected"
    ],
    "classification_report": {
      "Paid": {
        "precision": 0.6629514043691485,
        "recall": 0.49173280423280424,
        "f1-score": 0.5646478071008164,
        "support": 3024.0
      },
      "Pending": {
        "precision": 0.25168756027000966,
        "recall": 0.21185064935064934,
        "f1-score": 0.23005729396209784,
        "support": 1232.0
      },
      "Rejected": {
        "precision": 0.2255813953488372,
        "recall": 0.521505376344086,
        "f1-score": 0.31493506493506496,
        "support": 744.0
      },
      "accuracy": 0.4272,
      "macro avg": {
        "precision": 0.3800734533293318,
        "recall": 0.4083629433091798,
        "f1-score": 0.3698800553326597,
        "support": 5000.0
      },
      "weighted avg": {
        "precision": 0.49653533584089826,
        "recall": 0.4272,
        "f1-score": 0.44504744862917234,
        "support": 5000.0
      }
    }
  }
}