strategy,cv_accuracy,cv_macro_f1,cv_balanced_accuracy,cv_rejected_recall,mean_fit_seconds
Hybrid SMOTE + undersampling,0.4886875,0.3662288823275914,0.4077320038875173,0.46760446480880447,38.96574419736862
Random undersampling,0.3729375,0.35201366850659044,0.42550636327175967,0.6589175460713677,8.998831033706665
SMOTE,0.5330625,0.34429966729442646,0.39211407462101494,0.35665135445846946,55.693749129772186
